,SK_ID_CURR,TARGET,NAME_CONTRACT_TYPE_x,CODE_GENDER,FLAG_OWN_CAR,FLAG_OWN_REALTY,CNT_CHILDREN,AMT_INCOME_TOTAL,AMT_CREDIT_x,AMT_ANNUITY_x,AMT_GOODS_PRICE_x,NAME_TYPE_SUITE_x,NAME_INCOME_TYPE,NAME_EDUCATION_TYPE,NAME_FAMILY_STATUS,NAME_HOUSING_TYPE,REGION_POPULATION_RELATIVE,DAYS_BIRTH,DAYS_EMPLOYED,DAYS_REGISTRATION,DAYS_ID_PUBLISH,OWN_CAR_AGE,FLAG_MOBIL,FLAG_EMP_PHONE,FLAG_WORK_PHONE,FLAG_CONT_MOBILE,FLAG_PHONE,FLAG_EMAIL,OCCUPATION_TYPE,CNT_FAM_MEMBERS,REGION_RATING_CLIENT,REGION_RATING_CLIENT_W_CITY,WEEKDAY_APPR_PROCESS_START_x,HOUR_APPR_PROCESS_START_x,REG_REGION_NOT_LIVE_REGION,REG_REGION_NOT_WORK_REGION,LIVE_REGION_NOT_WORK_REGION,REG_CITY_NOT_LIVE_CITY,REG_CITY_NOT_WORK_CITY,LIVE_CITY_NOT_WORK_CITY,ORGANIZATION_TYPE,EXT_SOURCE_1,EXT_SOURCE_2,EXT_SOURCE_3,APARTMENTS_AVG,BASEMENTAREA_AVG,YEARS_BEGINEXPLUATATION_AVG,YEARS_BUILD_AVG,COMMONAREA_AVG,ELEVATORS_AVG,ENTRANCES_AVG,FLOORSMAX_AVG,FLOORSMIN_AVG,LANDAREA_AVG,LIVINGAPARTMENTS_AVG,LIVINGAREA_AVG,NONLIVINGAPARTMENTS_AVG,NONLIVINGAREA_AVG,APARTMENTS_MODE,BASEMENTAREA_MODE,YEARS_BEGINEXPLUATATION_MODE,YEARS_BUILD_MODE,COMMONAREA_MODE,ELEVATORS_MODE,ENTRANCES_MODE,FLOORSMAX_MODE,FLOORSMIN_MODE,LANDAREA_MODE,LIVINGAPARTMENTS_MODE,LIVINGAREA_MODE,NONLIVINGAPARTMENTS_MODE,NONLIVINGAREA_MODE,APARTMENTS_MEDI,BASEMENTAREA_MEDI,YEARS_BEGINEXPLUATATION_MEDI,YEARS_BUILD_MEDI,COMMONAREA_MEDI,ELEVATORS_MEDI,ENTRANCES_MEDI,FLOORSMAX_MEDI,FLOORSMIN_MEDI,LANDAREA_MEDI,LIVINGAPARTMENTS_MEDI,LIVINGAREA_MEDI,NONLIVINGAPARTMENTS_MEDI,NONLIVINGAREA_MEDI,FONDKAPREMONT_MODE,HOUSETYPE_MODE,TOTALAREA_MODE,WALLSMATERIAL_MODE,EMERGENCYSTATE_MODE,OBS_30_CNT_SOCIAL_CIRCLE,DEF_30_CNT_SOCIAL_CIRCLE,OBS_60_CNT_SOCIAL_CIRCLE,DEF_60_CNT_SOCIAL_CIRCLE,DAYS_LAST_PHONE_CHANGE,FLAG_DOCUMENT_2,FLAG_DOCUMENT_3,FLAG_DOCUMENT_4,FLAG_DOCUMENT_5,FLAG_DOCUMENT_6,FLAG_DOCUMENT_7,FLAG_DOCUMENT_8,FLAG_DOCUMENT_9,FLAG_DOCUMENT_10,FLAG_DOCUMENT_11,FLAG_DOCUMENT_12,FLAG_DOCUMENT_13,FLAG_DOCUMENT_14,FLAG_DOCUMENT_15,FLAG_DOCUMENT_16,FLAG_DOCUMENT_17,FLAG_DOCUMENT_18,FLAG_DOCUMENT_19,FLAG_DOCUMENT_20,FLAG_DOCUMENT_21,AMT_REQ_CREDIT_BUREAU_HOUR,AMT_REQ_CREDIT_BUREAU_DAY,AMT_REQ_CREDIT_BUREAU_WEEK,AMT_REQ_CREDIT_BUREAU_MON,AMT_REQ_CREDIT_BUREAU_QRT,AMT_REQ_CREDIT_BUREAU_YEAR,SK_ID_PREV,NAME_CONTRACT_TYPE_y,AMT_ANNUITY_y,AMT_APPLICATION,AMT_CREDIT_y,AMT_DOWN_PAYMENT,AMT_GOODS_PRICE_y,WEEKDAY_APPR_PROCESS_START_y,HOUR_APPR_PROCESS_START_y,FLAG_LAST_APPL_PER_CONTRACT,NFLAG_LAST_APPL_IN_DAY,RATE_DOWN_PAYMENT,RATE_INTEREST_PRIMARY,RATE_INTEREST_PRIVILEGED,NAME_CASH_LOAN_PURPOSE,NAME_CONTRACT_STATUS,DAYS_DECISION,NAME_PAYMENT_TYPE,CODE_REJECT_REASON,NAME_TYPE_SUITE_y,NAME_CLIENT_TYPE,NAME_GOODS_CATEGORY,NAME_PORTFOLIO,NAME_PRODUCT_TYPE,CHANNEL_TYPE,SELLERPLACE_AREA,NAME_SELLER_INDUSTRY,CNT_PAYMENT,NAME_YIELD_GROUP,PRODUCT_COMBINATION,DAYS_FIRST_DRAWING,DAYS_FIRST_DUE,DAYS_LAST_DUE_1ST_VERSION,DAYS_LAST_DUE,DAYS_TERMINATION,NFLAG_INSURED_ON_APPROVAL
0,100077,0,Cash loans,M,N,Y,0,180000.0,1256400.0,40657.5,900000.0,Unaccompanied,Commercial associate,Secondary / secondary special,Single / not married,House / apartment,0.072508,-12049,-579,-6105,-1,,1,1,0,1,0,0,Core staff,1,1,1,WEDNESDAY,12,0,0,0,0,0,0,Police,0.286783079,0.6473478220000001,0.562060483,0.1433,0.0993,0.9811,0.7416,0.0,0.16,0.1379,0.3333,0.375,0.0,0.1168,0.1367,0.0,0.0207,0.146,0.10300000000000001,0.9811,0.7517,0.0,0.1611,0.1379,0.3333,0.375,0.0,0.1276,0.1425,0.0,0.0219,0.1447,0.0993,0.9811,0.7451,0.0,0.16,0.1379,0.3333,0.375,0.0,0.1189,0.1392,0.0,0.0211,reg oper account,block of flats,0.1114,Panel,No,4.0,0.0,4.0,0.0,-295,0,1,0,0,0,0,0,0,0,0,0,0,0,0,0,0,0,0,0,0,0.0,0.0,0.0,0.0,0.0,8.0,2670402,Cash loans,,0.0,0.0,,,Monday,14,Y,1,,,,XNA,Refused,-217,XNA,HC,,Repeater,XNA,XNA,XNA,Credit and cash offices,-1,XNA,,XNA,Cash,,,,,,
1,100124,0,Cash loans,M,N,Y,0,225000.0,448272.0,28647.0,396000.0,Unaccompanied,Pensioner,Secondary / secondary special,Widow,House / apartment,0.072508,-24051,365243,-7040,-4053,,1,0,0,1,1,1,,1,1,1,WEDNESDAY,17,0,0,0,0,0,0,XNA,,0.710317857,0.554946769,0.2959,0.1785,0.9786,0.7076,0.0,0.32,0.2759,0.3333,0.375,0.0,0.2412,0.2693,0.0,0.0061,0.3015,0.1853,0.9786,0.7190000000000001,0.0,0.3222,0.2759,0.3333,0.375,0.0,0.2635,0.2805,0.0,0.0064,0.2987,0.1785,0.9786,0.7115,0.0,0.32,0.2759,0.3333,0.375,0.0,0.2454,0.2741,0.0,0.0062,reg oper account,block of flats,0.2131,Panel,No,0.0,0.0,0.0,0.0,-1080,0,0,0,0,1,0,0,0,0,0,0,0,0,0,0,0,0,0,0,0,0.0,0.0,0.0,0.0,1.0,8.0,1986247,Consumer loans,7598.34,62491.5,62491.5,0.0,62491.5,Monday,20,Y,1,0.0,,,XAP,Approved,-312,Cash through the bank,XAP,Unaccompanied,Repeater,Mobile,POS,XNA,Country-wide,50,Connectivity,12.0,high,POS mobile with interest,365243.0,-278.0,52.0,-98.0,-94.0,0.0
2,100151,0,Cash loans,M,N,N,0,135000.0,182016.0,11772.0,144000.0,Unaccompanied,Commercial associate,Higher education,Single / not married,House / apartment,0.019101,-16522,-1451,-4101,-66,,1,1,0,1,0,0,Accountants,1,2,2,MONDAY,10,0,0,0,0,0,0,Business Entity Type 3,,0.695219137,0.7295666909999999,0.0567,0.0331,0.9791,0.7144,0.0208,0.04,0.0345,0.3333,0.375,0.0256,0.0454,0.0434,0.0039,0.0072,0.0578,0.0343,0.9791,0.7256,0.021,0.0403,0.0345,0.3333,0.375,0.0262,0.0496,0.0452,0.0039,0.0076,0.0573,0.0331,0.9791,0.7182,0.0209,0.04,0.0345,0.3333,0.375,0.0261,0.0462,0.0442,0.0039,0.0073,reg oper account,block of flats,0.0471,"Stone, brick",No,0.0,0.0,0.0,0.0,-398,0,1,0,0,0,0,0,0,0,0,0,0,0,0,0,0,0,0,0,0,0.0,0.0,0.0,0.0,1.0,1.0,1614986,Cash loans,6535.8,45000.0,55075.5,,45000.0,Monday,13,Y,1,,,,XNA,Approved,-1041,Cash through the bank,XAP,Unaccompanied,New,XNA,Cash,walk-in,Credit and cash offices,-1,XNA,12.0,high,Cash Street: high,365243.0,-1011.0,-681.0,-681.0,-672.0,1.0
3,100201,0,Cash loans,F,N,Y,1,180000.0,675000.0,36747.0,675000.0,Unaccompanied,Commercial associate,Higher education,Single / not married,House / apartment,0.035792000000000004,-12147,-2178,-6189,-1719,,1,1,0,1,0,0,Core staff,2,2,2,SATURDAY,10,0,0,0,0,0,0,Trade: type 2,0.764917188,0.601560374,0.35069584299999995,,,,,,,,,,,,,,,,,,,,,,,,,,,,,,,,,,,,,,,,,,,,,,,,10.0,0.0,10.0,0.0,-1754,0,1,0,0,0,0,0,0,0,0,0,0,0,0,0,0,0,0,0,0,0.0,0.0,0.0,0.0,3.0,6.0,2227969,Consumer loans,3828.555,38610.0,29610.0,9000.0,38610.0,Monday,19,Y,1,0.253867345,,,XAP,Approved,-2424,Cash through the bank,XAP,Family,Repeater,Mobile,POS,XNA,Country-wide,31,Connectivity,10.0,high,POS mobile with interest,365243.0,-2393.0,-2123.0,-2123.0,-2120.0,0.0
4,100279,0,Cash loans,M,N,Y,0,180000.0,254700.0,16407.0,225000.0,Unaccompanied,Pensioner,Secondary / secondary special,Widow,House / apartment,0.072508,-23946,365243,-6935,-3948,,1,0,0,1,0,0,,1,1,1,WEDNESDAY,16,0,0,0,0,0,0,XNA,,0.458684569,0.528092751,0.3041,0.1854,0.9791,0.7144,0.0,0.32,0.2759,0.3333,0.0417,0.0,0.2412,0.281,0.0309,0.009000000000000001,0.3099,0.1924,0.9791,0.7256,0.0,0.3222,0.2759,0.3333,0.0417,0.0,0.2635,0.2928,0.0311,0.0096,0.3071,0.1854,0.9791,0.7182,0.0,0.32,0.2759,0.3333,0.0417,0.0,0.2454,0.2861,0.0311,0.0092,reg oper account,block of flats,0.223,Panel,No,0.0,0.0,0.0,0.0,-975,0,0,0,0,1,0,0,0,0,0,0,0,0,0,0,0,0,0,0,0,0.0,0.0,0.0,0.0,1.0,5.0,2034342,Cash loans,,0.0,0.0,,,Monday,19,Y,1,,,,XNA,Canceled,-382,XNA,XAP,,Repeater,XNA,XNA,XNA,Credit and cash offices,-1,XNA,,XNA,Cash,,,,,,
5,100307,0,Cash loans,M,N,Y,0,225000.0,451804.5,35824.5,369000.0,Unaccompanied,State servant,Secondary / secondary special,Married,House / apartment,0.01885,-16546,-1480,-2196,-7,,1,1,0,1,0,0,Managers,2,2,2,MONDAY,11,0,1,1,0,1,1,Military,0.5725847270000001,0.680321185,0.44896227299999997,0.2773,0.1882,0.9771,0.6872,,0.04,0.1724,0.3333,,,,0.2404,,0.0931,0.2826,0.1953,0.9772,0.6994,,0.0403,0.1724,0.3333,,,,0.2504,,0.0986,0.28,0.1882,0.9771,0.6914,,0.04,0.1724,0.3333,,,,0.2447,,0.0951,,block of flats,0.2093,,No,2.0,1.0,2.0,0.0,-745,0,0,0,0,0,0,1,0,0,0,0,0,0,0,0,0,0,0,0,0,0.0,0.0,0.0,0.0,0.0,4.0,2685304,Cash loans,,0.0,0.0,,,Monday,15,Y,1,,,,XNA,Canceled,-144,XNA,XAP,,Repeater,XNA,XNA,XNA,Credit and cash offices,-1,XNA,,XNA,Cash,,,,,,
6,100373,0,Cash loans,F,N,N,0,225000.0,906228.0,46269.0,810000.0,Unaccompanied,State servant,Secondary / secondary special,Married,House / apartment,0.030755,-15013,-3282,-2347,-4823,,1,1,1,1,0,0,Core staff,2,2,2,FRIDAY,12,0,0,0,0,0,0,School,0.623530762,0.625709035,0.306202298,,,,,,,,,,,,,,,,,,,,,,,,,,,,,,,,,,,,,,,,,,,,,,,,0.0,0.0,0.0,0.0,-1053,0,1,0,0,0,0,0,0,0,0,0,0,0,0,0,0,0,0,0,0,0.0,0.0,0.0,0.0,0.0,0.0,1891648,Consumer loans,10872.99,115695.0,115119.0,11569.5,115695.0,Monday,22,Y,1,0.09945841400000001,,,XAP,Approved,-1053,Cash through the bank,XAP,Unaccompanied,New,Medicine,POS,XNA,Stone,25,Industry,12.0,low_normal,POS household with interest,365243.0,-1013.0,-683.0,-713.0,-709.0,0.0
7,100425,0,Cash loans,F,Y,Y,2,90000.0,688500.0,20259.0,688500.0,Family,Working,Higher education,Married,House / apartment,0.025164,-12982,-2850,-3476,-5139,64.0,1,1,0,1,0,0,Core staff,4,2,2,SATURDAY,8,0,0,0,0,0,0,Kindergarten,0.34020573600000004,0.335586176,0.710674386,0.0082,0.0,0.9608,0.4628,0.0008,0.0,0.0345,0.0833,0.125,0.0086,0.0067,0.006,0.0,0.0,0.0084,0.0,0.9608,0.4838,0.0008,0.0,0.0345,0.0833,0.125,0.0088,0.0073,0.0063,0.0,0.0,0.0083,0.0,0.9608,0.47,0.0008,0.0,0.0345,0.0833,0.125,0.0087,0.0068,0.0061,0.0,0.0,reg oper account,block of flats,0.0082,Wooden,No,3.0,0.0,3.0,0.0,0,0,1,0,0,0,0,0,0,0,0,0,0,0,0,0,0,0,0,0,0,0.0,0.0,0.0,0.0,0.0,0.0,1539382,Consumer loans,13410.27,120357.0,133065.0,0.0,120357.0,Monday,15,Y,1,0.0,,,XAP,Approved,-589,Cash through the bank,XAP,,Repeater,Consumer Electronics,POS,XNA,Country-wide,2226,Consumer electronics,12.0,middle,POS household with interest,365243.0,-558.0,-228.0,-378.0,-351.0,0.0
8,100527,0,Revolving loans,F,N,N,0,112500.0,270000.0,13500.0,270000.0,Unaccompanied,Commercial associate,Higher education,Civil marriage,House / apartment,0.026392000000000002,-9393,-992,-4145,-2081,,1,1,0,1,1,0,Accountants,2,2,2,WEDNESDAY,15,0,0,0,1,1,0,Bank,0.239312357,0.696209802,0.669056695,,,,,,,,,,,,,,,,,,,,,,,,,,,,,,,,,,,,,,,,,,,,,,,,,,,,-187,0,0,0,0,0,0,0,1,0,0,0,0,0,0,0,0,0,0,0,0,0.0,0.0,0.0,0.0,0.0,1.0,1921372,Consumer loans,5420.115,50890.5,40720.5,10170.0,50890.5,Monday,18,Y,1,0.217644836,,,XAP,Approved,-1507,Cash through the bank,XAP,Unaccompanied,New,Computers,POS,XNA,Country-wide,2326,Consumer electronics,10.0,high,POS household with interest,365243.0,-1475.0,-1205.0,-1205.0,-1200.0,0.0
9,100587,0,Cash loans,F,Y,Y,1,90000.0,117162.0,11718.0,103500.0,Family,Working,Secondary / secondary special,Widow,House / apartment,0.01885,-17999,-750,-5725,-1553,4.0,1,1,0,1,0,0,Cleaning staff,2,2,2,THURSDAY,14,0,0,0,0,0,0,School,,0.621191478,0.372333666,0.0608,0.0766,0.9801,0.728,0.0,0.0,0.1379,0.1667,0.2083,0.0,0.0471,0.0542,0.0116,0.0995,0.062,0.0795,0.9801,0.7387,0.0,0.0,0.1379,0.1667,0.2083,0.0,0.0514,0.0565,0.0117,0.1054,0.0614,0.0766,0.9801,0.7316,0.0,0.0,0.1379,0.1667,0.2083,0.0,0.0479,0.0552,0.0116,0.1016,reg oper spec account,block of flats,0.0643,Panel,No,0.0,0.0,0.0,0.0,-433,0,1,0,0,0,0,0,0,0,0,0,0,0,0,0,0,0,0,0,0,0.0,0.0,0.0,0.0,0.0,3.0,1465837,Cash loans,16632.405,135000.0,162315.0,,135000.0,Monday,14,Y,1,,,,XNA,Approved,-433,Cash through the bank,XAP,,Refreshed,XNA,Cash,x-sell,Credit and cash offices,-1,XNA,12.0,middle,Cash X-Sell: middle,365243.0,-403.0,-73.0,-73.0,-67.0,1.0
10,100667,0,Cash loans,M,N,Y,0,45000.0,168102.0,16753.5,148500.0,Family,Pensioner,Secondary / secondary special,Married,House / apartment,0.014464,-20113,365243,-8654,-3537,,1,0,0,1,0,0,,2,2,2,THURSDAY,7,0,0,0,0,0,0,XNA,,0.48489051899999996,0.643025564,0.0897,0.0906,0.9881,0.8368,0.0,0.0,0.2069,0.1667,0.2083,0.0176,0.0731,0.08,0.0,0.0023,0.0914,0.094,0.9881,0.8432,0.0,0.0,0.2069,0.1667,0.2083,0.018000000000000002,0.0799,0.0834,0.0,0.0024,0.0906,0.0906,0.9881,0.8390000000000001,0.0,0.0,0.2069,0.1667,0.2083,0.0179,0.0744,0.0815,0.0,0.0023,reg oper account,block of flats,0.0699,"Stone, brick",No,0.0,0.0,0.0,0.0,-579,0,1,0,0,0,0,0,0,0,0,0,0,0,0,0,0,0,0,0,0,0.0,0.0,0.0,0.0,0.0,3.0,1111156,Consumer loans,12739.32,68490.0,72108.0,0.0,68490.0,Monday,11,Y,1,0.0,,,XAP,Approved,-260,XNA,XAP,,Repeater,Furniture,POS,XNA,Regional / Local,2880,Furniture,6.0,low_normal,POS industry with interest,365243.0,-229.0,-79.0,-79.0,-74.0,0.0
11,100891,0,Cash loans,F,N,N,0,67500.0,203760.0,20281.5,180000.0,Family,Pensioner,Secondary / secondary special,Married,House / apartment,0.020246,-21817,365243,-6288,-5107,,1,0,0,1,0,0,,2,3,3,SATURDAY,7,0,0,0,0,0,0,XNA,,0.157328405,0.598926218,0.0959,0.1021,0.9955,0.9388,0.0873,0.06,0.1897,0.25,0.2917,0.1083,0.0782,0.0898,0.0,0.0,0.084,0.0747,0.9911,0.8824,0.0736,0.0,0.1034,0.1667,0.2083,0.0968,0.0735,0.0848,0.0,0.0,0.0968,0.1021,0.9955,0.9396,0.0878,0.06,0.1897,0.25,0.2917,0.1102,0.0795,0.0914,0.0,0.0,reg oper account,block of flats,0.064,"Stone, brick",No,2.0,0.0,2.0,0.0,0,0,1,0,0,0,0,0,0,0,0,0,0,0,0,0,0,0,0,0,0,0.0,0.0,0.0,0.0,0.0,3.0,1824766,Consumer loans,11236.86,106713.0,106713.0,0.0,106713.0,Monday,14,Y,1,0.0,,,XAP,Approved,-1236,Cash through the bank,XAP,Unaccompanied,New,Furniture,POS,XNA,Stone,300,Furniture,10.0,low_action,POS industry without interest,365243.0,-1191.0,-921.0,-981.0,-972.0,0.0
12,100916,0,Cash loans,F,N,Y,1,180000.0,403330.5,19746.0,333000.0,Unaccompanied,State servant,Higher education,Civil marriage,House / apartment,0.010276,-9927,-1492,-9927,-1312,,1,1,0,1,0,0,Core staff,3,2,2,SATURDAY,13,0,0,0,1,1,0,School,,0.724436605,0.499272015,0.1175,0.11900000000000001,,0.762,,0.0,0.1379,0.1667,,0.0302,,0.1233,,0.1873,0.1197,0.1235,,0.7713,,0.0,0.1379,0.1667,,0.0309,,0.1284,,0.1983,0.1187,0.11900000000000001,,0.7652,,0.0,0.1379,0.1667,,0.0307,,0.1255,,0.1912,,block of flats,0.1082,Panel,No,3.0,0.0,3.0,0.0,-432,0,1,0,0,0,0,0,0,0,0,0,0,0,0,0,0,0,0,0,0,0.0,0.0,0.0,1.0,0.0,1.0,1801757,Consumer loans,11468.7,100323.0,110916.0,0.0,100323.0,Monday,16,Y,1,0.0,,,XAP,Approved,-432,XNA,XAP,,New,Computers,POS,XNA,Country-wide,2170,Consumer electronics,12.0,middle,POS household with interest,365243.0,-401.0,-71.0,-131.0,-125.0,0.0
13,100980,0,Cash loans,F,N,Y,1,81000.0,81000.0,8851.5,81000.0,Family,Working,Secondary / secondary special,Single / not married,House / apartment,0.008625,-10973,-505,-4455,-3524,,1,1,1,1,0,0,Sales staff,2,2,2,SUNDAY,10,0,0,0,0,0,0,Trade: type 3,0.40838252799999997,0.501281134,0.819317692,0.3845,0.19699999999999998,0.9801,0.728,0.6849,0.36,0.3103,0.4583,0.0417,0.0972,0.3085,0.3519,0.0232,0.4494,0.3918,0.2044,0.9801,0.7387,0.6912,0.3625,0.3103,0.4583,0.0417,0.0995,0.337,0.3666,0.0233,0.4757,0.3883,0.19699999999999998,0.9801,0.7316,0.6892,0.36,0.3103,0.4583,0.0417,0.0989,0.3138,0.3582,0.0233,0.4588,reg oper account,block of flats,0.3745,"Stone, brick",No,2.0,0.0,2.0,0.0,-2414,0,1,0,0,0,0,0,0,0,0,0,0,0,0,0,0,0,0,0,0,0.0,0.0,0.0,3.0,0.0,1.0,1248695,Consumer loans,9746.865,128340.0,148671.0,0.0,128340.0,Monday,10,Y,1,0.0,,,XAP,Approved,-519,Cash through the bank,XAP,,Repeater,Computers,POS,XNA,Regional / Local,150,Consumer electronics,18.0,low_normal,POS household with interest,365243.0,-488.0,22.0,365243.0,365243.0,0.0
14,101011,0,Cash loans,F,N,Y,0,112500.0,900000.0,26316.0,900000.0,Unaccompanied,Working,Secondary / secondary special,Married,House / apartment,0.02461,-19367,-1943,-13447,-2904,,1,1,1,1,1,0,,2,2,2,TUESDAY,15,0,0,0,0,0,0,Self-employed,,0.6896821,0.295582642,0.0845,,0.9747,,0.0098,0.0,0.1379,0.1667,,0.0703,0.0647,0.0652,0.0193,0.0173,0.0861,,0.9747,,0.0098,0.0,0.1379,0.1667,,0.07200000000000001,0.0707,0.068,0.0195,0.0184,0.0854,,0.9747,,0.0098,0.0,0.1379,0.1667,,0.0716,0.0658,0.0664,0.0194,0.0177,,block of flats,0.0604,Block,No,0.0,0.0,0.0,0.0,-1290,0,1,0,0,0,0,0,0,0,0,0,0,0,0,0,0,0,0,0,0,0.0,0.0,0.0,0.0,2.0,1.0,1514511,Consumer loans,6856.065,65866.5,66735.0,6588.0,65866.5,Monday,21,Y,1,0.097853755,,,XAP,Approved,-627,Cash through the bank,XAP,Family,Refreshed,Consumer Electronics,POS,XNA,Country-wide,100,Consumer electronics,12.0,middle,POS household with interest,365243.0,-596.0,-266.0,-296.0,-289.0,0.0
15,101067,0,Cash loans,F,Y,Y,0,225000.0,450000.0,47880.0,450000.0,Unaccompanied,Working,Higher education,Married,House / apartment,0.008068,-12093,-985,-3879,-4719,9.0,1,1,0,1,1,1,Sales staff,2,3,3,TUESDAY,6,0,0,0,0,1,1,Self-employed,0.522878957,0.19034691,0.234015167,,,,,,,,,,,,,,,,,,,,,,,,,,,,,,,,,,,,,,,,,,,,,,,,1.0,1.0,1.0,0.0,-2428,0,1,0,0,0,0,0,0,0,0,0,0,0,0,0,0,0,0,0,0,0.0,0.0,0.0,0.0,0.0,6.0,1356683,Revolving loans,11250.0,0.0,315000.0,,,Monday,9,N,0,,,,XAP,Refused,-773,XNA,SCO,,Repeater,XNA,Cards,x-sell,Contact center,-1,XNA,0.0,XNA,Card X-Sell,,,,,,
16,101167,0,Revolving loans,F,N,Y,1,90000.0,202500.0,10125.0,202500.0,Unaccompanied,Working,Higher education,Married,House / apartment,0.006207,-10144,-1441,-2057,-2799,,1,1,1,1,1,0,Managers,3,2,2,TUESDAY,17,0,0,0,0,0,0,Trade: type 2,,0.447479067,0.42942368399999997,,,,,,,,,,,,,,,,,,,,,,,,,,,,,,,,,,,,,,,,,,,,,,,,4.0,0.0,2.0,0.0,-1195,0,0,0,0,0,0,0,0,0,0,0,0,0,0,0,0,0,0,0,0,0.0,0.0,0.0,0.0,0.0,2.0,1974842,Consumer loans,5437.53,120060.0,120060.0,0.0,120060.0,Monday,18,Y,1,0.0,,,XAP,Approved,-820,Cash through the bank,XAP,Family,Repeater,Computers,POS,XNA,Country-wide,955,Consumer electronics,24.0,low_action,POS household without interest,365243.0,-789.0,-99.0,-249.0,-247.0,0.0
17,101378,0,Cash loans,F,N,Y,0,67500.0,135000.0,14305.5,135000.0,Unaccompanied,Commercial associate,Secondary / secondary special,Single / not married,House / apartment,0.018209,-15312,-2420,-3590,-4233,,1,1,0,1,0,0,Laborers,1,3,3,WEDNESDAY,8,0,0,0,0,0,0,Industry: type 3,0.549229163,0.547919302,0.75037515,,,,,,,,,,,,,,,,,,,,,,,,,,,,,,,,,,,,,,,,,,,,,,,,0.0,0.0,0.0,0.0,-1773,0,1,0,0,0,0,0,0,0,0,0,0,0,0,0,0,0,0,0,0,0.0,0.0,0.0,1.0,0.0,4.0,1133646,Consumer loans,14541.705,99000.0,80541.0,22500.0,99000.0,Monday,10,Y,1,0.237813545,,,XAP,Approved,-157,Cash through the bank,XAP,Children,Repeater,Clothing and Accessories,POS,XNA,Stone,10,Clothing,6.0,low_normal,POS industry with interest,365243.0,-126.0,24.0,-96.0,-94.0,0.0
18,101457,0,Cash loans,M,Y,Y,0,180000.0,156384.0,16969.5,135000.0,Unaccompanied,Commercial associate,Secondary / secondary special,Married,House / apartment,0.003069,-18435,-1120,-10931,-1964,14.0,1,1,0,1,0,0,Drivers,2,3,3,SUNDAY,10,0,0,0,0,1,1,Business Entity Type 3,0.242768051,0.43330112,0.542445144,,,,,,,,,,,,,,,,,,,,,,,,,,,,,,,,,,,,,,,,,,,,,,,,0.0,0.0,0.0,0.0,-784,0,0,0,0,0,0,1,0,0,0,0,0,0,0,0,0,0,0,0,0,0.0,0.0,0.0,0.0,2.0,1.0,1605562,Revolving loans,,0.0,0.0,,,Monday,13,Y,1,,,,XAP,Canceled,-42,XNA,XAP,,Repeater,XNA,XNA,XNA,Credit and cash offices,-1,XNA,,XNA,Card Street,,,,,,
19,101469,0,Cash loans,F,N,Y,0,225000.0,382500.0,13738.5,382500.0,Unaccompanied,Commercial associate,Secondary / secondary special,Single / not married,House / apartment,0.031329,-22392,-5066,-470,-4144,,1,1,0,1,1,0,Sales staff,1,2,2,WEDNESDAY,9,0,0,0,0,1,1,Self-employed,,0.265311748,0.595456203,,,,,,,,,,,,,,,,,,,,,,,,,,,,,,,,,,,,,,,,,,,,,0.0059,,No,6.0,2.0,6.0,2.0,-1478,0,0,0,1,0,0,0,0,0,0,0,0,0,0,0,0,0,0,0,0,0.0,0.0,0.0,0.0,1.0,3.0,1788229,Cash loans,,0.0,0.0,,,Monday,9,Y,1,,,,XNA,Canceled,-23,XNA,XAP,,Repeater,XNA,XNA,XNA,Credit and cash offices,-1,XNA,,XNA,Cash,,,,,,
20,101479,0,Cash loans,M,Y,Y,0,202500.0,1223010.0,51948.0,1125000.0,Unaccompanied,Pensioner,Secondary / secondary special,Married,House / apartment,0.020713,-22909,365243,-3318,-4677,15.0,1,0,0,1,0,0,,2,3,3,WEDNESDAY,6,0,0,0,0,0,0,XNA,,0.292053247,0.474051289,,,,,,,,,,,,,,,,,,,,,,,,,,,,,,,,,,,,,,,,,,,,,,,,0.0,0.0,0.0,0.0,0,0,0,0,0,1,0,0,0,0,0,0,0,0,0,0,0,0,0,0,0,0.0,0.0,0.0,0.0,0.0,4.0,1669367,Cash loans,17079.255,135000.0,143910.0,,135000.0,Monday,11,Y,1,,,,XNA,Approved,-1089,Cash through the bank,XAP,Family,New,XNA,Cash,walk-in,Country-wide,44,Connectivity,12.0,high,Cash Street: high,365243.0,-1059.0,-729.0,-789.0,-787.0,1.0
21,101485,0,Cash loans,F,Y,Y,1,180000.0,557770.5,23629.5,481500.0,Family,Working,Secondary / secondary special,Married,House / apartment,0.031329,-11425,-2388,-5373,-923,25.0,1,1,0,1,0,0,Sales staff,3,2,2,TUESDAY,12,0,0,0,1,1,0,Self-employed,0.37192474600000003,0.608301944,0.565607981,,,0.9603,,,,0.0345,0.0,,0.0,,0.0021,,,,,0.9603,,,,0.0345,0.0,,0.0,,0.0022,,,,,0.9603,,,,0.0345,0.0,,0.0,,0.0022,,,,block of flats,0.0017,Wooden,No,2.0,0.0,2.0,0.0,-1683,0,1,0,0,0,0,0,0,0,0,0,0,0,0,0,0,0,0,0,0,0.0,0.0,0.0,0.0,0.0,4.0,2255414,Consumer loans,2067.39,19030.5,19107.0,1903.5,19030.5,Monday,13,Y,1,0.09866897699999999,,,XAP,Refused,-1614,Cash through the bank,LIMIT,,Repeater,Mobile,POS,XNA,Country-wide,20,Connectivity,14.0,high,POS mobile with interest,,,,,,
22,101529,0,Cash loans,F,N,Y,0,225000.0,1288350.0,37800.0,1125000.0,Unaccompanied,Pensioner,Secondary / secondary special,Married,House / apartment,0.0031219999999999998,-20276,365243,-10405,-2885,,1,0,0,1,0,0,,2,3,3,FRIDAY,14,0,0,0,0,0,0,XNA,,0.588794895,0.092617171,0.0722,,0.9776,0.6940000000000001,0.0,0.0,0.1379,0.1667,0.0417,0.0193,0.0588,0.054000000000000006,0.0,0.0,0.0735,,0.9777,0.706,0.0,0.0,0.1379,0.1667,0.0417,0.0198,0.0643,0.0563,0.0,0.0,0.0729,,0.9776,0.6981,0.0,0.0,0.1379,0.1667,0.0417,0.0197,0.0599,0.055,0.0,0.0,not specified,block of flats,0.0459,"Stone, brick",No,0.0,0.0,0.0,0.0,-387,0,1,0,0,0,0,0,0,0,0,0,0,0,0,0,0,0,0,0,0,0.0,0.0,0.0,0.0,0.0,4.0,1168659,Cash loans,,0.0,0.0,,,Monday,11,Y,1,,,,XNA,Refused,-115,XNA,HC,,Repeater,XNA,XNA,XNA,Credit and cash offices,-1,XNA,,XNA,Cash,,,,,,
23,101529,0,Cash loans,F,N,Y,0,225000.0,1288350.0,37800.0,1125000.0,Unaccompanied,Pensioner,Secondary / secondary special,Married,House / apartment,0.0031219999999999998,-20276,365243,-10405,-2885,,1,0,0,1,0,0,,2,3,3,FRIDAY,14,0,0,0,0,0,0,XNA,,0.588794895,0.092617171,0.0722,,0.9776,0.6940000000000001,0.0,0.0,0.1379,0.1667,0.0417,0.0193,0.0588,0.054000000000000006,0.0,0.0,0.0735,,0.9777,0.706,0.0,0.0,0.1379,0.1667,0.0417,0.0198,0.0643,0.0563,0.0,0.0,0.0729,,0.9776,0.6981,0.0,0.0,0.1379,0.1667,0.0417,0.0197,0.0599,0.055,0.0,0.0,not specified,block of flats,0.0459,"Stone, brick",No,0.0,0.0,0.0,0.0,-387,0,1,0,0,0,0,0,0,0,0,0,0,0,0,0,0,0,0,0,0,0.0,0.0,0.0,0.0,0.0,4.0,2686051,Cash loans,,0.0,0.0,,,Monday,9,Y,1,,,,XNA,Canceled,-164,XNA,XAP,,Repeater,XNA,XNA,XNA,Credit and cash offices,-1,XNA,,XNA,Cash,,,,,,
24,101573,0,Cash loans,F,N,Y,1,112500.0,521280.0,28408.5,450000.0,Unaccompanied,Working,Secondary / secondary special,Civil marriage,House / apartment,0.019101,-11559,-309,-1284,-4239,,1,1,0,1,0,0,Cooking staff,3,2,2,MONDAY,11,0,0,0,0,1,1,Business Entity Type 3,,0.536657131,0.638043528,,,,,,,,,,,,,,,,,,,,,,,,,,,,,,,,,,,,,,,,,,,,,,,,1.0,1.0,1.0,1.0,-1781,0,1,0,0,0,0,0,0,0,0,0,0,0,0,0,0,0,0,0,0,0.0,0.0,0.0,0.0,0.0,3.0,1998259,Consumer loans,10333.035,85950.0,83736.0,8595.0,85950.0,Monday,10,Y,1,0.10138237800000001,,,XAP,Approved,-1781,Cash through the bank,XAP,Family,New,Consumer Electronics,POS,XNA,Stone,111,Consumer electronics,10.0,middle,POS household with interest,365243.0,-1747.0,-1477.0,-1507.0,-1499.0,0.0
25,101615,0,Cash loans,M,Y,N,0,225000.0,450000.0,53536.5,450000.0,Unaccompanied,Working,Secondary / secondary special,Civil marriage,House / apartment,0.020246,-12358,-3163,-6506,-4837,13.0,1,1,1,1,0,0,Laborers,2,3,3,TUESDAY,17,0,0,0,0,0,0,Self-employed,,0.52092786,0.8027454759999999,0.1856,0.1355,0.9876,0.83,0.023,0.2,0.1724,0.3333,0.375,0.1021,0.1513,0.192,0.0,0.0,0.1891,0.1406,0.9876,0.8367,0.0232,0.2014,0.1724,0.3333,0.375,0.1045,0.1653,0.2,0.0,0.0,0.1874,0.1355,0.9876,0.8323,0.0231,0.2,0.1724,0.3333,0.375,0.1039,0.1539,0.1955,0.0,0.0,reg oper account,block of flats,0.151,Panel,No,4.0,0.0,4.0,0.0,-2295,0,0,0,0,0,0,1,0,0,0,0,0,0,0,0,0,0,0,0,0,0.0,0.0,0.0,0.0,0.0,1.0,1072459,Cash loans,,0.0,0.0,,,Monday,12,Y,1,,,,XNA,Canceled,-373,XNA,XAP,,Refreshed,XNA,XNA,XNA,Credit and cash offices,-1,XNA,,XNA,Cash,,,,,,
26,101813,0,Cash loans,F,N,Y,0,382500.0,2159842.5,57105.0,1930500.0,Unaccompanied,Pensioner,Higher education,Married,Municipal apartment,0.04622,-21234,365243,-8998,-3960,,1,0,0,1,1,0,,2,1,1,SUNDAY,13,0,0,0,0,0,0,XNA,0.874444503,0.591703717,0.6879328379999999,0.2433,0.1376,0.9896,0.8572,0.3761,0.2,0.1207,0.6667,0.7083,0.1377,0.1723,0.3032,0.0116,0.1111,0.2185,0.11900000000000001,0.9796,0.7321,0.0337,0.1611,0.0345,0.3333,0.375,0.0807,0.1882,0.2231,0.0117,0.1068,0.2457,0.1376,0.9896,0.8591,0.3785,0.2,0.1207,0.6667,0.7083,0.1401,0.1753,0.3087,0.0116,0.1134,reg oper account,block of flats,0.213,Others,No,4.0,2.0,4.0,0.0,0,0,1,0,0,0,0,0,0,0,0,0,0,0,0,0,0,0,0,0,0,0.0,0.0,0.0,2.0,0.0,2.0,2629155,Consumer loans,22777.335,146245.5,123174.0,29250.0,146245.5,Monday,15,Y,1,0.208995362,,,XAP,Approved,-379,Cash through the bank,XAP,,Repeater,Consumer Electronics,POS,XNA,Country-wide,100,Consumer electronics,6.0,middle,POS household with interest,365243.0,-348.0,-198.0,-198.0,-196.0,0.0
27,101813,0,Cash loans,F,N,Y,0,382500.0,2159842.5,57105.0,1930500.0,Unaccompanied,Pensioner,Higher education,Married,Municipal apartment,0.04622,-21234,365243,-8998,-3960,,1,0,0,1,1,0,,2,1,1,SUNDAY,13,0,0,0,0,0,0,XNA,0.874444503,0.591703717,0.6879328379999999,0.2433,0.1376,0.9896,0.8572,0.3761,0.2,0.1207,0.6667,0.7083,0.1377,0.1723,0.3032,0.0116,0.1111,0.2185,0.11900000000000001,0.9796,0.7321,0.0337,0.1611,0.0345,0.3333,0.375,0.0807,0.1882,0.2231,0.0117,0.1068,0.2457,0.1376,0.9896,0.8591,0.3785,0.2,0.1207,0.6667,0.7083,0.1401,0.1753,0.3087,0.0116,0.1134,reg oper account,block of flats,0.213,Others,No,4.0,2.0,4.0,0.0,0,0,1,0,0,0,0,0,0,0,0,0,0,0,0,0,0,0,0,0,0,0.0,0.0,0.0,2.0,0.0,2.0,2050576,Consumer loans,17976.42,103477.5,93127.5,10350.0,103477.5,Monday,13,Y,1,0.108932772,,,XAP,Approved,-558,Cash through the bank,XAP,,Repeater,Gardening,POS,XNA,Regional / Local,15,Consumer electronics,6.0,high,POS other with interest,365243.0,-527.0,-377.0,-377.0,-371.0,0.0
28,102036,0,Cash loans,F,N,N,0,135000.0,1006920.0,40063.5,900000.0,Unaccompanied,Working,Secondary / secondary special,Married,Municipal apartment,0.006207,-10827,-2628,-5564,-35,,1,1,1,1,1,0,Medicine staff,2,2,2,THURSDAY,12,0,0,0,0,0,0,Medicine,,0.516544135,,0.0557,0.0069,0.9925,0.898,0.0028,0.06,0.0517,0.3333,0.375,0.027999999999999997,0.0441,0.0566,0.0058,0.0674,0.0378,0.0047,0.9916,0.8889,0.0,0.0403,0.0345,0.3333,0.375,0.0191,0.0303,0.0376,0.0,0.0632,0.0562,0.0069,0.9925,0.8994,0.0028,0.06,0.0517,0.3333,0.375,0.0284,0.0449,0.0576,0.0058,0.0688,reg oper account,block of flats,0.0447,"Stone, brick",No,2.0,0.0,2.0,0.0,0,0,1,0,0,0,0,0,0,0,0,0,0,0,0,0,0,0,0,0,0,0.0,0.0,0.0,0.0,1.0,2.0,1472768,Consumer loans,6286.815,51705.0,51705.0,0.0,51705.0,Monday,16,Y,1,0.0,,,XAP,Approved,-342,Cash through the bank,XAP,,Refreshed,Mobile,POS,XNA,Country-wide,35,Connectivity,12.0,high,POS mobile with interest,365243.0,-301.0,29.0,365243.0,365243.0,0.0
29,102043,0,Cash loans,F,N,N,0,180000.0,917172.0,29718.0,657000.0,Unaccompanied,Working,Secondary / secondary special,Civil marriage,House / apartment,0.018029,-18875,-4220,-6148,-2405,,1,1,0,1,0,0,Medicine staff,2,3,3,MONDAY,6,0,0,0,0,0,0,Medicine,,0.39061320899999996,0.490257512,,,,,,,,,,,,,,,,,,,,,,,,,,,,,,,,,,,,,,,,,,,,,,,,5.0,0.0,5.0,0.0,-2041,0,1,0,0,0,0,0,0,0,0,0,0,0,0,0,0,0,0,0,0,0.0,0.0,0.0,1.0,0.0,2.0,1038913,Consumer loans,11451.33,90436.5,88155.0,9000.0,90436.5,Monday,11,Y,1,0.10088845800000001,,,XAP,Approved,-2041,Cash through the bank,XAP,Children,New,Audio/Video,POS,XNA,Country-wide,1450,Consumer electronics,10.0,high,POS household with interest,365243.0,-2010.0,-1740.0,-1740.0,-1737.0,0.0
30,102135,1,Cash loans,F,N,N,0,360000.0,1236816.0,36162.0,1080000.0,Unaccompanied,Commercial associate,Secondary / secondary special,Married,House / apartment,0.011703,-18228,-5388,-4617,-1775,,1,1,1,1,1,0,Managers,2,2,2,SATURDAY,10,0,0,0,0,1,1,Business Entity Type 3,,0.297563108,,0.1773,0.0617,0.9841,0.7824,,0.2,0.1724,0.3333,0.375,0.0985,0.0,0.1872,0.0,0.0341,0.1807,0.064,0.9841,0.7909,,0.2014,0.1724,0.3333,0.375,0.1007,0.0,0.1951,0.0,0.0361,0.179,0.0617,0.9841,0.7853,,0.2,0.1724,0.3333,0.375,0.1002,0.0,0.1906,0.0,0.0348,reg oper account,block of flats,0.1805,Panel,No,10.0,0.0,10.0,0.0,-258,0,1,0,0,0,0,0,0,0,0,0,0,0,0,0,0,0,0,0,0,,,,,,,2124191,Cash loans,,0.0,0.0,,,Monday,16,Y,1,,,,XNA,Refused,-263,XNA,HC,,Repeater,XNA,XNA,XNA,Credit and cash offices,-1,XNA,,XNA,Cash,,,,,,
31,102345,0,Cash loans,F,N,Y,0,225000.0,820638.0,32674.5,733500.0,Unaccompanied,Commercial associate,Secondary / secondary special,Married,House / apartment,0.04622,-17805,-4887,-3073,-1345,,1,1,0,1,0,0,Sales staff,2,1,1,THURSDAY,14,0,0,0,0,0,0,Self-employed,,0.70832951,0.6246146579999999,0.0278,0.0479,0.9861,,,0.0,0.1034,0.0833,,0.0083,,0.0265,,0.0455,0.0284,0.0497,0.9861,,,0.0,0.1034,0.0833,,0.0085,,0.0276,,0.0482,0.0281,0.0479,0.9861,,,0.0,0.1034,0.0833,,0.0085,,0.027000000000000003,,0.0465,,block of flats,0.0209,Panel,No,0.0,0.0,0.0,0.0,-3302,0,1,0,0,0,0,0,0,0,0,0,0,0,0,0,0,0,0,0,0,0.0,0.0,0.0,0.0,2.0,2.0,2581300,Cash loans,25012.755,270000.0,332784.0,,270000.0,Monday,11,Y,1,,,,XNA,Refused,-421,Cash through the bank,HC,,Repeater,XNA,Cash,x-sell,Credit and cash offices,-1,XNA,18.0,middle,Cash X-Sell: middle,,,,,,
32,102523,0,Cash loans,F,N,N,1,202500.0,665892.0,21609.0,477000.0,Unaccompanied,Working,Secondary / secondary special,Single / not married,House / apartment,0.0038179999999999998,-15089,-439,-8476,-4655,,1,1,0,1,1,0,Sales staff,2,2,2,TUESDAY,5,0,0,0,0,1,1,Self-employed,0.49710128200000003,0.288242993,0.735220999,0.1237,0.0608,0.9776,,,,0.2069,0.1667,,0.0529,,0.1001,,0.0042,0.1261,0.0631,0.9777,,,,0.2069,0.1667,,0.0541,,0.1043,,0.0044,0.1249,0.0608,0.9776,,,,0.2069,0.1667,,0.0538,,0.1019,,0.0043,,block of flats,0.0867,Block,No,8.0,1.0,8.0,1.0,0,0,1,0,0,0,0,0,0,0,0,0,0,0,0,0,0,0,0,0,0,0.0,0.0,0.0,2.0,0.0,0.0,1832612,Cash loans,23473.98,211500.0,211500.0,,211500.0,Monday,7,Y,1,,,,XNA,Approved,-1501,Cash through the bank,XAP,Unaccompanied,Repeater,XNA,Cash,x-sell,Regional / Local,129,Consumer electronics,12.0,high,Cash X-Sell: high,365243.0,-1471.0,-1141.0,-1141.0,-1136.0,0.0
33,102579,0,Cash loans,F,N,N,0,112500.0,490495.5,26014.5,454500.0,Unaccompanied,Pensioner,Secondary / secondary special,Widow,House / apartment,0.002042,-22431,365243,-3076,-4919,,1,0,0,1,0,0,,1,3,3,TUESDAY,10,0,0,0,0,0,0,XNA,,0.617985606,,,,,,,,,,,,,,,,,,,,,,,,,,,,,,,,,,,,,,,,,,,,,,,,,1.0,0.0,1.0,0.0,-860,0,0,0,0,1,0,0,0,0,0,0,0,0,0,0,0,0,0,0,0,,,,,,,2416953,Consumer loans,7698.735,75694.5,68121.0,7573.5,75694.5,Monday,13,Y,1,0.108967362,,,XAP,Approved,-1627,Cash through the bank,XAP,Family,New,Construction Materials,POS,XNA,Stone,3552,Construction,10.0,low_normal,POS industry with interest,365243.0,-1596.0,-1326.0,-1326.0,-1297.0,0.0
34,102591,0,Cash loans,M,N,Y,0,99000.0,315000.0,15318.0,315000.0,"Spouse, partner",Pensioner,Secondary / secondary special,Civil marriage,House / apartment,0.031329,-22600,365243,-1502,-4642,,1,0,0,1,0,0,,2,2,2,WEDNESDAY,13,0,0,0,0,0,0,XNA,0.579057491,0.163187035,0.75037515,,,,,,,,,,,,,,,,,,,,,,,,,,,,,,,,,,,,,,,,,,,,,,,,0.0,0.0,0.0,0.0,-1583,0,1,0,0,0,0,0,0,0,0,0,0,0,0,0,0,0,0,0,0,0.0,0.0,0.0,0.0,0.0,2.0,1988011,Consumer loans,3419.235,21240.0,17568.0,4500.0,21240.0,Monday,14,Y,1,0.22208215899999997,,,XAP,Approved,-1744,Cash through the bank,XAP,Family,Repeater,Computers,POS,XNA,Regional / Local,128,Consumer electronics,6.0,middle,POS household with interest,365243.0,-1713.0,-1563.0,-1563.0,-1557.0,0.0
35,102649,0,Cash loans,M,N,Y,0,135000.0,497520.0,33246.0,450000.0,Unaccompanied,Working,Secondary / secondary special,Married,House / apartment,0.026392000000000002,-20781,-7989,-2645,-1815,,1,1,1,1,1,0,Laborers,2,2,2,WEDNESDAY,10,0,0,0,0,0,0,Industry: type 9,,0.37471453899999996,0.438281374,0.2144,,0.996,,,0.0,0.2759,0.1667,,0.1529,,0.1924,,0.0,0.2185,,0.996,,,0.0,0.2759,0.1667,,0.1564,,0.2004,,0.0,0.2165,,0.996,,,0.0,0.2759,0.1667,,0.1556,,0.1958,,0.0,,block of flats,0.1513,"Stone, brick",No,0.0,0.0,0.0,0.0,0,0,1,0,0,0,0,0,0,0,0,0,0,0,0,0,0,0,0,0,0,0.0,0.0,0.0,1.0,0.0,1.0,2283315,Consumer loans,12540.6,60423.255,63414.0,1.755,60423.255,Monday,15,Y,1,3.01e-05,,,XAP,Approved,-1452,Cash through the bank,XAP,Unaccompanied,New,Construction Materials,POS,XNA,Stone,463,Construction,6.0,high,POS industry with interest,365243.0,-1421.0,-1271.0,-1271.0,-1262.0,0.0
36,102697,0,Cash loans,F,N,N,0,67500.0,508495.5,21541.5,454500.0,Unaccompanied,Commercial associate,Secondary / secondary special,Married,House / apartment,0.026392000000000002,-13437,-2634,-7590,-4403,,1,1,1,1,1,0,Laborers,2,2,2,FRIDAY,15,0,0,0,0,0,0,Postal,,0.709263815,0.6658549220000001,0.0196,,0.9881,,,0.0,0.069,0.0833,,,,0.0204,,,0.02,,0.9881,,,0.0,0.069,0.0833,,,,0.0213,,,0.0198,,0.9881,,,0.0,0.069,0.0833,,,,0.0208,,,,block of flats,0.0174,"Stone, brick",No,0.0,0.0,0.0,0.0,-1522,0,1,0,0,0,0,0,0,0,0,0,0,0,0,0,0,0,0,0,0,0.0,0.0,0.0,3.0,0.0,0.0,2567633,Consumer loans,5075.145,30455.64,28624.5,1831.14,30455.64,Monday,15,Y,1,0.06548139900000001,,,XAP,Approved,-2892,Cash through the bank,XAP,Group of people,Repeater,Computers,POS,XNA,Country-wide,2914,Consumer electronics,6.0,low_normal,POS household without interest,365243.0,-2861.0,-2711.0,-2711.0,-2630.0,0.0
37,102757,0,Cash loans,F,Y,N,0,67500.0,900000.0,29034.0,900000.0,Unaccompanied,Commercial associate,Secondary / secondary special,Married,House / apartment,0.025164,-11565,-1037,-913,-3376,11.0,1,1,1,1,0,0,Sales staff,2,2,2,THURSDAY,17,0,0,0,0,0,0,Self-employed,0.23801297300000002,0.24348782800000002,0.477649155,,,,,,,,,,,,,,,,,,,,,,,,,,,,,,,,,,,,,,,,,,,,,,,,6.0,1.0,6.0,0.0,-591,0,1,0,0,0,0,0,0,0,0,0,0,0,0,0,0,0,0,0,0,0.0,0.0,0.0,2.0,0.0,0.0,2581157,Consumer loans,,63846.0,63846.0,0.0,63846.0,Monday,16,Y,1,0.0,,,XAP,Unused offer,-137,Cash through the bank,CLIENT,,Repeater,Computers,XNA,XNA,Country-wide,27,Connectivity,,XNA,POS mobile with interest,,,,,,
38,102936,0,Cash loans,F,N,N,0,99000.0,225000.0,17775.0,225000.0,Unaccompanied,Working,Secondary / secondary special,Civil marriage,Municipal apartment,0.006670999999999999,-16678,-559,-6424,-216,,1,1,1,1,1,0,Core staff,2,2,2,MONDAY,12,0,0,0,0,0,0,Self-employed,0.649727154,0.418997293,,0.0093,0.0023,0.9652,0.524,,0.0,0.0345,0.0417,,0.0072,,0.0053,,0.0115,0.0095,0.0024,0.9652,0.5426,,0.0,0.0345,0.0417,,0.0074,,0.0055,,0.0122,0.0094,0.0023,0.9652,0.5304,,0.0,0.0345,0.0417,,0.0074,,0.0054,,0.0118,,block of flats,0.0067,"Stone, brick",No,0.0,0.0,0.0,0.0,-290,0,1,0,0,0,0,0,0,0,0,0,0,0,0,0,0,0,0,0,0,0.0,0.0,0.0,0.0,1.0,5.0,1885252,Cash loans,9499.275,157500.0,178290.0,,157500.0,Monday,15,Y,1,,,,XNA,Approved,-436,Cash through the bank,XAP,Unaccompanied,Repeater,XNA,Cash,x-sell,Credit and cash offices,-1,XNA,24.0,low_normal,Cash X-Sell: low,365243.0,-406.0,284.0,-136.0,-134.0,1.0
39,102951,0,Cash loans,F,N,N,0,112500.0,675000.0,20668.5,675000.0,Unaccompanied,State servant,Higher education,Married,House / apartment,0.020713,-10726,-1478,-266,-1197,,1,1,0,1,0,0,Core staff,2,3,2,THURSDAY,12,0,0,0,0,0,0,School,,0.590979748,,0.4258,0.2545,0.9975,0.9592,0.1959,0.4,0.3448,0.375,0.4167,0.2603,0.3455,0.4457,0.0077,0.0067,0.4338,0.2642,0.9975,0.9608,0.1977,0.4028,0.3448,0.375,0.4167,0.2663,0.3774,0.4644,0.0078,0.0071,0.4299,0.2545,0.9975,0.9597,0.1971,0.4,0.3448,0.375,0.4167,0.2649,0.3514,0.4537,0.0078,0.0068,reg oper account,block of flats,0.4664,Panel,No,0.0,0.0,0.0,0.0,-523,0,1,0,0,0,0,0,0,0,0,0,0,0,0,0,0,0,0,0,0,0.0,0.0,0.0,0.0,0.0,5.0,1682966,Consumer loans,14426.64,55485.0,55485.0,0.0,55485.0,Monday,13,Y,1,0.0,,,XAP,Approved,-822,XNA,XAP,,Repeater,Furniture,POS,XNA,Stone,708,Furniture,4.0,low_action,POS industry with interest,365243.0,-781.0,-691.0,-691.0,-682.0,0.0
40,102972,0,Cash loans,F,Y,Y,0,180000.0,454500.0,44275.5,454500.0,Other_B,Commercial associate,Higher education,Married,House / apartment,0.030755,-14861,-1012,-2556,-4349,1.0,1,1,0,1,0,0,Cooking staff,2,2,2,THURSDAY,18,0,0,0,0,0,0,Business Entity Type 3,0.577824552,0.528551719,0.53348163,,,,,,,,,,,,,,,,,,,,,,,,,,,,,,,,,,,,,,,,,,,,,,,,3.0,0.0,3.0,0.0,-738,0,1,0,0,0,0,0,0,0,0,0,0,0,0,0,0,0,0,0,0,0.0,0.0,0.0,0.0,1.0,0.0,2840587,Cash loans,,0.0,0.0,,,Monday,15,Y,1,,,,XNA,Canceled,-21,XNA,XAP,,Repeater,XNA,XNA,XNA,Credit and cash offices,-1,XNA,,XNA,Cash,,,,,,
41,102988,0,Cash loans,F,N,Y,0,112500.0,508495.5,22527.0,454500.0,Unaccompanied,Pensioner,Higher education,Married,House / apartment,0.00496,-20041,365243,-4237,-3526,,1,0,0,1,1,0,,2,2,2,MONDAY,11,0,0,0,0,0,0,XNA,0.700938086,0.623689056,0.76102637,,,,,,,,,,,,,,,,,,,,,,,,,,,,,,,,,,,,,,,,,,,,,,,,2.0,0.0,2.0,0.0,-859,0,0,0,0,1,0,0,0,0,0,0,0,0,0,0,0,0,0,0,0,0.0,0.0,0.0,0.0,0.0,2.0,1919627,Consumer loans,9984.285,95508.0,109377.0,0.0,95508.0,Monday,10,Y,1,0.0,,,XAP,Approved,-181,Cash through the bank,XAP,Unaccompanied,Repeater,Consumer Electronics,POS,XNA,Country-wide,40,Furniture,12.0,low_action,POS household without interest,365243.0,-151.0,179.0,365243.0,365243.0,1.0
42,103150,0,Cash loans,F,N,Y,0,112500.0,247500.0,25488.0,247500.0,Unaccompanied,Pensioner,Higher education,Married,House / apartment,0.028663,-21933,365243,-6044,-4867,,1,0,0,1,0,0,,2,2,2,MONDAY,10,0,0,0,0,0,0,XNA,0.904522611,0.165919671,0.590233339,0.1237,0.0923,0.9776,0.6940000000000001,0.013000000000000001,0.0,0.2069,0.1667,0.2083,0.0988,0.0992,0.1147,0.0077,0.0584,0.1261,0.0958,0.9777,0.706,0.0131,0.0,0.2069,0.1667,0.2083,0.1011,0.1084,0.1195,0.0078,0.0619,0.1249,0.0923,0.9776,0.6981,0.0131,0.0,0.2069,0.1667,0.2083,0.1006,0.1009,0.1167,0.0078,0.0597,org spec account,block of flats,0.1029,Panel,No,0.0,0.0,0.0,0.0,-645,0,1,0,0,0,0,0,0,0,0,0,0,0,0,0,0,0,0,0,0,0.0,0.0,0.0,0.0,1.0,2.0,2124946,Cash loans,,0.0,0.0,,,Monday,9,Y,1,,,,XNA,Canceled,-410,XNA,XAP,,Repeater,XNA,XNA,XNA,Credit and cash offices,-1,XNA,,XNA,Cash,,,,,,
43,103450,0,Cash loans,F,N,Y,1,202500.0,697500.0,40909.5,697500.0,Family,Commercial associate,Secondary / secondary special,Married,House / apartment,0.006207,-12954,-1269,-12954,-3982,,1,1,0,1,1,1,Sales staff,3,2,2,TUESDAY,14,0,0,0,0,0,0,Construction,0.44557346700000006,0.571924955,,0.0887,0.1136,0.9796,0.7212,,0.0,0.2069,0.1667,0.2083,0.0352,0.0723,0.09,0.0,0.0036,0.0903,0.1179,0.9796,0.7321,,0.0,0.2069,0.1667,0.2083,0.036000000000000004,0.079,0.0938,0.0,0.0038,0.0895,0.1136,0.9796,0.7249,,0.0,0.2069,0.1667,0.2083,0.0358,0.0735,0.0916,0.0,0.0037,reg oper account,block of flats,0.0791,Panel,No,1.0,0.0,1.0,0.0,-735,0,1,0,0,0,0,0,0,0,0,0,0,0,0,0,0,0,0,0,0,0.0,0.0,0.0,1.0,0.0,2.0,2242203,Consumer loans,19045.08,91462.5,85711.5,9148.5,91462.5,Monday,17,Y,1,0.10503424199999999,,,XAP,Approved,-1773,Cash through the bank,XAP,Group of people,Refreshed,Audio/Video,POS,XNA,Country-wide,1000,Consumer electronics,5.0,middle,POS household with interest,365243.0,-1742.0,-1622.0,-1622.0,-1619.0,0.0
44,103687,0,Cash loans,F,N,N,1,247500.0,654498.0,31486.5,585000.0,Unaccompanied,Working,Secondary / secondary special,Married,House / apartment,0.072508,-13014,-3143,-3380,-4137,,1,1,1,1,1,0,,3,1,1,SUNDAY,16,0,1,1,0,1,1,Industry: type 12,,0.447452034,0.315472155,0.0948,0.0712,0.9841,0.7824,0.0,0.16,0.069,0.4583,0.5,0.0,0.0773,0.0819,0.0,0.0833,0.0966,0.0739,0.9841,0.7909,0.0,0.1611,0.069,0.4583,0.5,0.0,0.0845,0.0853,0.0,0.0881,0.0958,0.0712,0.9841,0.7853,0.0,0.16,0.069,0.4583,0.5,0.0,0.0787,0.0834,0.0,0.085,reg oper account,block of flats,0.0825,Panel,No,0.0,0.0,0.0,0.0,-499,0,1,0,0,0,0,0,0,0,0,0,0,0,0,0,0,0,0,0,0,0.0,0.0,0.0,0.0,0.0,7.0,1032852,Cash loans,13224.6,103500.0,110331.0,,103500.0,Monday,19,Y,1,,,,XNA,Approved,-209,Cash through the bank,XAP,Unaccompanied,Repeater,XNA,Cash,x-sell,Credit and cash offices,-1,XNA,12.0,high,Cash X-Sell: high,365243.0,-179.0,151.0,-179.0,-176.0,1.0
45,103702,1,Cash loans,M,Y,Y,0,225000.0,625356.0,24363.0,522000.0,Unaccompanied,Working,Secondary / secondary special,Married,House / apartment,0.008865999999999999,-18556,-1423,-9216,-1762,1.0,1,1,1,1,0,0,Drivers,2,2,2,MONDAY,12,0,1,1,0,1,1,Business Entity Type 3,,0.42476801700000005,0.135106016,0.0124,0.0,0.9747,0.6532,0.0018,0.0,0.069,0.0417,0.0,0.0,0.0101,0.0079,0.0,0.0,0.0126,0.0,0.9747,0.6668,0.0018,0.0,0.069,0.0417,0.0,0.0,0.011000000000000001,0.0083,0.0,0.0,0.0125,0.0,0.9747,0.6578,0.0018,0.0,0.069,0.0417,0.0,0.0,0.0103,0.0081,0.0,0.0,reg oper account,block of flats,0.0072,"Stone, brick",No,1.0,0.0,1.0,0.0,-802,0,1,0,0,0,0,0,0,0,0,0,0,0,0,0,0,0,0,0,0,0.0,0.0,0.0,0.0,0.0,3.0,2691598,Cash loans,,0.0,0.0,,,Monday,15,Y,1,,,,XNA,Canceled,-311,XNA,XAP,,Repeater,XNA,XNA,XNA,AP+ (Cash loan),4,XNA,,XNA,Cash,,,,,,
46,103889,1,Cash loans,M,N,Y,0,216000.0,193500.0,9877.5,193500.0,Family,Working,Higher education,Married,House / apartment,0.0105,-20716,-6064,-6477,-4201,,1,1,0,1,0,0,,2,3,3,FRIDAY,15,0,0,0,0,0,0,Industry: type 1,,0.23601095,0.452533559,0.0742,0.0,0.9776,0.6940000000000001,0.0108,0.0,0.1724,0.1667,0.2083,0.0398,0.0588,0.0736,0.0077,0.0183,0.0756,0.0,0.9777,0.706,0.0109,0.0,0.1724,0.1667,0.2083,0.0407,0.0643,0.0767,0.0078,0.0193,0.0749,0.0,0.9776,0.6981,0.0109,0.0,0.1724,0.1667,0.2083,0.0405,0.0599,0.075,0.0078,0.0187,reg oper account,block of flats,0.0619,"Stone, brick",No,2.0,0.0,2.0,0.0,-2144,0,1,0,0,0,0,0,0,0,0,0,0,0,0,0,0,0,0,0,0,0.0,0.0,0.0,0.0,2.0,5.0,2669449,Cash loans,,0.0,0.0,,,Monday,13,Y,1,,,,XNA,Canceled,-80,XNA,XAP,,Repeater,XNA,XNA,XNA,Credit and cash offices,-1,XNA,,XNA,Cash,,,,,,
